[
    {
        "model": "admin.logentry",
        "pk": 1,
        "fields": {
            "action_time": "2025-02-22T23:18:42.209Z",
            "user": 1,
            "content_type": 9,
            "object_id": "1",
            "object_repr": "Chinese",
            "action_flag": 1,
            "change_message": "[{\"added\": {}}]"
        }
    },
    {
        "model": "admin.logentry",
        "pk": 2,
        "fields": {
            "action_time": "2025-02-22T23:20:19.118Z",
            "user": 1,
            "content_type": 11,
            "object_id": "1",
            "object_repr": "Veg Schezwan Noodles",
            "action_flag": 1,
            "change_message": "[{\"added\": {}}]"
        }
    },
    {
        "model": "admin.logentry",
        "pk": 3,
        "fields": {
            "action_time": "2025-02-22T23:23:12.616Z",
            "user": 1,
            "content_type": 8,
            "object_id": "1",
            "object_repr": "Sanchit",
            "action_flag": 1,
            "change_message": "[{\"added\": {}}]"
        }
    },
    {
        "model": "admin.logentry",
        "pk": 4,
        "fields": {
            "action_time": "2025-02-22T23:25:33.291Z",
            "user": 1,
            "content_type": 13,
            "object_id": "1",
            "object_repr": "Cart of Sanchit",
            "action_flag": 1,
            "change_message": "[{\"added\": {}}]"
        }
    },
    {
        "model": "admin.logentry",
        "pk": 5,
        "fields": {
            "action_time": "2025-02-22T23:25:46.573Z",
            "user": 1,
            "content_type": 13,
            "object_id": "1",
            "object_repr": "Cart of Sanchit",
            "action_flag": 3,
            "change_message": ""
        }
    },
    {
        "model": "admin.logentry",
        "pk": 6,
        "fields": {
            "action_time": "2025-03-07T05:51:09.951Z",
            "user": 1,
            "content_type": 8,
            "object_id": "4",
            "object_repr": "Asim",
            "action_flag": 3,
            "change_message": ""
        }
    },
    {
        "model": "admin.logentry",
        "pk": 7,
        "fields": {
            "action_time": "2025-03-12T18:07:19.966Z",
            "user": 1,
            "content_type": 9,
            "object_id": "3",
            "object_repr": "Biscuits",
            "action_flag": 3,
            "change_message": ""
        }
    },
    {
        "model": "admin.logentry",
        "pk": 8,
        "fields": {
            "action_time": "2025-03-12T18:15:46.552Z",
            "user": 1,
            "content_type": 9,
            "object_id": "1",
            "object_repr": "Chinese",
            "action_flag": 3,
            "change_message": ""
        }
    },
    {
        "model": "admin.logentry",
        "pk": 9,
        "fields": {
            "action_time": "2025-03-13T05:00:19.347Z",
            "user": 1,
            "content_type": 13,
            "object_id": "1",
            "object_repr": "Cart of Aditya",
            "action_flag": 1,
            "change_message": "[{\"added\": {}}]"
        }
    },
    {
        "model": "admin.logentry",
        "pk": 10,
        "fields": {
            "action_time": "2025-03-13T05:01:23.680Z",
            "user": 1,
            "content_type": 8,
            "object_id": "5",
            "object_repr": "Asim",
            "action_flag": 3,
            "change_message": ""
        }
    },
    {
        "model": "admin.logentry",
        "pk": 11,
        "fields": {
            "action_time": "2025-03-13T05:13:31.781Z",
            "user": 1,
            "content_type": 7,
            "object_id": "1",
            "object_repr": "Order 1 - Aditya (Pending)",
            "action_flag": 1,
            "change_message": "[{\"added\": {}}]"
        }
    },
    {
        "model": "admin.logentry",
        "pk": 12,
        "fields": {
            "action_time": "2025-03-13T07:49:26.031Z",
            "user": 1,
            "content_type": 7,
            "object_id": "2",
            "object_repr": "Order 2 - Aditya (Accepted)",
            "action_flag": 1,
            "change_message": "[{\"added\": {}}]"
        }
    },
    {
        "model": "admin.logentry",
        "pk": 13,
        "fields": {
            "action_time": "2025-03-13T07:49:46.905Z",
            "user": 1,
            "content_type": 7,
            "object_id": "3",
            "object_repr": "Order 3 - Aditya (Cancelled)",
            "action_flag": 1,
            "change_message": "[{\"added\": {}}]"
        }
    },
    {
        "model": "admin.logentry",
        "pk": 14,
        "fields": {
            "action_time": "2025-03-13T07:49:59.048Z",
            "user": 1,
            "content_type": 7,
            "object_id": "4",
            "object_repr": "Order 4 - Aditya (Delivered)",
            "action_flag": 1,
            "change_message": "[{\"added\": {}}]"
        }
    },
    {
        "model": "admin.logentry",
        "pk": 15,
        "fields": {
            "action_time": "2025-03-14T11:22:19.306Z",
            "user": 1,
            "content_type": 11,
            "object_id": "4",
            "object_repr": "Paneer Tagda Frankie",
            "action_flag": 2,
            "change_message": "[{\"changed\": {\"fields\": [\"Available\"]}}]"
        }
    },
    {
        "model": "admin.logentry",
        "pk": 16,
        "fields": {
            "action_time": "2025-03-14T11:25:33.418Z",
            "user": 1,
            "content_type": 11,
            "object_id": "4",
            "object_repr": "Paneer Tagda Frankie",
            "action_flag": 2,
            "change_message": "[{\"changed\": {\"fields\": [\"Available\"]}}]"
        }
    },
    {
        "model": "admin.logentry",
        "pk": 17,
        "fields": {
            "action_time": "2025-03-18T05:43:26.575Z",
            "user": 1,
            "content_type": 13,
            "object_id": "2",
            "object_repr": "Cart of Sanchit",
            "action_flag": 1,
            "change_message": "[{\"added\": {}}]"
        }
    },
    {
        "model": "admin.logentry",
        "pk": 18,
        "fields": {
            "action_time": "2025-03-18T05:44:16.581Z",
            "user": 1,
            "content_type": 10,
            "object_id": "1",
            "object_repr": "5 X Paneer Tikka Masala",
            "action_flag": 1,
            "change_message": "[{\"added\": {}}]"
        }
    },
    {
        "model": "admin.logentry",
        "pk": 19,
        "fields": {
            "action_time": "2025-03-18T05:44:23.535Z",
            "user": 1,
            "content_type": 13,
            "object_id": "2",
            "object_repr": "Cart of Sanchit",
            "action_flag": 2,
            "change_message": "[]"
        }
    },
    {
        "model": "admin.logentry",
        "pk": 20,
        "fields": {
            "action_time": "2025-03-18T05:44:55.385Z",
            "user": 1,
            "content_type": 7,
            "object_id": "5",
            "object_repr": "Order #5 - Sanchit [Accepted]",
            "action_flag": 1,
            "change_message": "[{\"added\": {}}]"
        }
    },
    {
        "model": "admin.logentry",
        "pk": 21,
        "fields": {
            "action_time": "2025-03-18T11:19:58.113Z",
            "user": 1,
            "content_type": 13,
            "object_id": "3",
            "object_repr": "Cart of Mayur",
            "action_flag": 1,
            "change_message": "[{\"added\": {}}]"
        }
    },
    {
        "model": "admin.logentry",
        "pk": 22,
        "fields": {
            "action_time": "2025-03-18T11:20:19.834Z",
            "user": 1,
            "content_type": 7,
            "object_id": "6",
            "object_repr": "Order #6 - Mayur [Accepted]",
            "action_flag": 1,
            "change_message": "[{\"added\": {}}]"
        }
    },
    {
        "model": "admin.logentry",
        "pk": 23,
        "fields": {
            "action_time": "2025-03-18T11:22:21.705Z",
            "user": 1,
            "content_type": 10,
            "object_id": "2",
            "object_repr": "1 X Paneer Tikka Masala",
            "action_flag": 1,
            "change_message": "[{\"added\": {}}]"
        }
    },
    {
        "model": "admin.logentry",
        "pk": 24,
        "fields": {
            "action_time": "2025-03-18T11:22:34.456Z",
            "user": 1,
            "content_type": 10,
            "object_id": "2",
            "object_repr": "1 X Paneer Tikka Masala",
            "action_flag": 2,
            "change_message": "[]"
        }
    },
    {
        "model": "admin.logentry",
        "pk": 25,
        "fields": {
            "action_time": "2025-03-18T11:22:37.315Z",
            "user": 1,
            "content_type": 10,
            "object_id": "1",
            "object_repr": "5 X Paneer Tikka Masala",
            "action_flag": 2,
            "change_message": "[]"
        }
    },
    {
        "model": "admin.logentry",
        "pk": 26,
        "fields": {
            "action_time": "2025-03-18T11:22:47.126Z",
            "user": 1,
            "content_type": 10,
            "object_id": "3",
            "object_repr": "2 X Paneer Tagda Frankie",
            "action_flag": 1,
            "change_message": "[{\"added\": {}}]"
        }
    },
    {
        "model": "admin.logentry",
        "pk": 27,
        "fields": {
            "action_time": "2025-03-19T10:40:32.199Z",
            "user": 1,
            "content_type": 8,
            "object_id": "2",
            "object_repr": "Aditya",
            "action_flag": 2,
            "change_message": "[{\"changed\": {\"fields\": [\"Phone number\"]}}]"
        }
    },
    {
        "model": "admin.logentry",
        "pk": 28,
        "fields": {
            "action_time": "2025-03-19T14:33:25.227Z",
            "user": 1,
            "content_type": 8,
            "object_id": "10",
            "object_repr": "Chintu",
            "action_flag": 3,
            "change_message": ""
        }
    },
    {
        "model": "admin.logentry",
        "pk": 29,
        "fields": {
            "action_time": "2025-03-19T14:57:56.600Z",
            "user": 1,
            "content_type": 10,
            "object_id": "4",
            "object_repr": "4 X Paneer Tikka Masala",
            "action_flag": 1,
            "change_message": "[{\"added\": {}}]"
        }
    },
    {
        "model": "admin.logentry",
        "pk": 30,
        "fields": {
            "action_time": "2025-03-19T14:58:41.002Z",
            "user": 1,
            "content_type": 10,
            "object_id": "5",
            "object_repr": "2 X Paneer Tagda Frankie",
            "action_flag": 1,
            "change_message": "[{\"added\": {}}]"
        }
    },
    {
        "model": "admin.logentry",
        "pk": 31,
        "fields": {
            "action_time": "2025-03-21T07:29:53.609Z",
            "user": 1,
            "content_type": 11,
            "object_id": "5",
            "object_repr": "Chicken Shawarma",
            "action_flag": 1,
            "change_message": "[{\"added\": {}}]"
        }
    },
    {
        "model": "admin.logentry",
        "pk": 32,
        "fields": {
            "action_time": "2025-03-24T08:25:40.605Z",
            "user": 1,
            "content_type": 18,
            "object_id": "1",
            "object_repr": "Order #1 - Aditya [Pending]",
            "action_flag": 1,
            "change_message": "[{\"added\": {}}]"
        }
    },
    {
        "model": "admin.logentry",
        "pk": 33,
        "fields": {
            "action_time": "2025-03-24T14:39:02.309Z",
            "user": 1,
            "content_type": 10,
            "object_id": "7",
            "object_repr": "3 X Paneer Tikka Masala",
            "action_flag": 1,
            "change_message": "[{\"added\": {}}]"
        }
    },
    {
        "model": "admin.logentry",
        "pk": 34,
        "fields": {
            "action_time": "2025-03-24T14:39:10.570Z",
            "user": 1,
            "content_type": 10,
            "object_id": "8",
            "object_repr": "5 X Paneer Tagda Frankie",
            "action_flag": 1,
            "change_message": "[{\"added\": {}}]"
        }
    },
    {
        "model": "admin.logentry",
        "pk": 35,
        "fields": {
            "action_time": "2025-03-25T11:51:24.699Z",
            "user": 1,
            "content_type": 11,
            "object_id": "3",
            "object_repr": "Paneer Tikka Masala",
            "action_flag": 2,
            "change_message": "[]"
        }
    },
    {
        "model": "admin.logentry",
        "pk": 36,
        "fields": {
            "action_time": "2025-03-25T11:53:37.679Z",
            "user": 1,
            "content_type": 11,
            "object_id": "5",
            "object_repr": "Chicken Shawarma",
            "action_flag": 2,
            "change_message": "[{\"changed\": {\"fields\": [\"Available\"]}}]"
        }
    },
    {
        "model": "admin.logentry",
        "pk": 37,
        "fields": {
            "action_time": "2025-03-25T11:57:44.446Z",
            "user": 1,
            "content_type": 11,
            "object_id": "6",
            "object_repr": "Sprite",
            "action_flag": 1,
            "change_message": "[{\"added\": {}}]"
        }
    },
    {
        "model": "admin.logentry",
        "pk": 38,
        "fields": {
            "action_time": "2025-03-25T11:58:05.746Z",
            "user": 1,
            "content_type": 11,
            "object_id": "7",
            "object_repr": "Lays Chaat",
            "action_flag": 1,
            "change_message": "[{\"added\": {}}]"
        }
    },
    {
        "model": "admin.logentry",
        "pk": 39,
        "fields": {
            "action_time": "2025-03-25T11:58:24.745Z",
            "user": 1,
            "content_type": 11,
            "object_id": "8",
            "object_repr": "Aloo Paratha",
            "action_flag": 1,
            "change_message": "[{\"added\": {}}]"
        }
    },
    {
        "model": "admin.logentry",
        "pk": 40,
        "fields": {
            "action_time": "2025-03-25T11:58:50.464Z",
            "user": 1,
            "content_type": 11,
            "object_id": "9",
            "object_repr": "Schezwan Fried Rice",
            "action_flag": 1,
            "change_message": "[{\"added\": {}}]"
        }
    },
    {
        "model": "admin.logentry",
        "pk": 41,
        "fields": {
            "action_time": "2025-03-26T13:45:39.394Z",
            "user": 1,
            "content_type": 18,
            "object_id": "3",
            "object_repr": "Order #3 - Shyam [Cancelled]",
            "action_flag": 1,
            "change_message": "[{\"added\": {}}]"
        }
    },
    {
        "model": "admin.logentry",
        "pk": 42,
        "fields": {
            "action_time": "2025-03-26T13:45:53.395Z",
            "user": 1,
            "content_type": 18,
            "object_id": "4",
            "object_repr": "Order #4 - Banti [Rejected]",
            "action_flag": 1,
            "change_message": "[{\"added\": {}}]"
        }
    },
    {
        "model": "admin.logentry",
        "pk": 43,
        "fields": {
            "action_time": "2025-03-26T13:46:04.362Z",
            "user": 1,
            "content_type": 18,
            "object_id": "5",
            "object_repr": "Order #5 - Kashif [Accepted]",
            "action_flag": 1,
            "change_message": "[{\"added\": {}}]"
        }
    },
    {
        "model": "admin.logentry",
        "pk": 44,
        "fields": {
            "action_time": "2025-03-26T13:46:16.643Z",
            "user": 1,
            "content_type": 18,
            "object_id": "6",
            "object_repr": "Order #6 - Mayur [Delivered]",
            "action_flag": 1,
            "change_message": "[{\"added\": {}}]"
        }
    },
    {
        "model": "admin.logentry",
        "pk": 45,
        "fields": {
            "action_time": "2025-03-26T19:21:44.005Z",
            "user": 1,
            "content_type": 12,
            "object_id": "1",
            "object_repr": "Payment for Order 4 : Completed",
            "action_flag": 1,
            "change_message": "[{\"added\": {}}]"
        }
    },
    {
        "model": "admin.logentry",
        "pk": 46,
        "fields": {
            "action_time": "2025-03-26T19:22:03.970Z",
            "user": 1,
            "content_type": 12,
            "object_id": "2",
            "object_repr": "Payment for Order 6 : Pending",
            "action_flag": 1,
            "change_message": "[{\"added\": {}}]"
        }
    },
    {
        "model": "admin.logentry",
        "pk": 47,
        "fields": {
            "action_time": "2025-03-26T19:22:26.491Z",
            "user": 1,
            "content_type": 12,
            "object_id": "3",
            "object_repr": "Payment for Order 5 : Pending",
            "action_flag": 1,
            "change_message": "[{\"added\": {}}]"
        }
    },
    {
        "model": "admin.logentry",
        "pk": 48,
        "fields": {
            "action_time": "2025-03-27T11:12:12.854Z",
            "user": 1,
            "content_type": 17,
            "object_id": "3",
            "object_repr": "Order Item: Order #4 - Banti [Rejected]",
            "action_flag": 1,
            "change_message": "[{\"added\": {}}]"
        }
    },
    {
        "model": "admin.logentry",
        "pk": 49,
        "fields": {
            "action_time": "2025-03-27T11:12:37.212Z",
            "user": 1,
            "content_type": 17,
            "object_id": "4",
            "object_repr": "Order Item: Order #4 - Banti [Rejected]",
            "action_flag": 1,
            "change_message": "[{\"added\": {}}]"
        }
    },
    {
        "model": "admin.logentry",
        "pk": 50,
        "fields": {
            "action_time": "2025-03-27T11:12:48.972Z",
            "user": 1,
            "content_type": 17,
            "object_id": "5",
            "object_repr": "Order Item: Order #4 - Banti [Rejected]",
            "action_flag": 1,
            "change_message": "[{\"added\": {}}]"
        }
    },
    {
        "model": "admin.logentry",
        "pk": 51,
        "fields": {
            "action_time": "2025-03-27T11:13:00.845Z",
            "user": 1,
            "content_type": 17,
            "object_id": "6",
            "object_repr": "Order Item: Order #4 - Banti [Rejected]",
            "action_flag": 1,
            "change_message": "[{\"added\": {}}]"
        }
    },
    {
        "model": "admin.logentry",
        "pk": 52,
        "fields": {
            "action_time": "2025-04-03T17:42:02.278Z",
            "user": 1,
            "content_type": 11,
            "object_id": "6",
            "object_repr": "Sprite",
            "action_flag": 2,
            "change_message": "[{\"changed\": {\"fields\": [\"Available\"]}}]"
        }
    },
    {
        "model": "admin.logentry",
        "pk": 53,
        "fields": {
            "action_time": "2025-04-04T12:22:46.274Z",
            "user": 1,
            "content_type": 17,
            "object_id": "3",
            "object_repr": "Order Item: Order #4 - Banti [Accepted]",
            "action_flag": 2,
            "change_message": "[{\"changed\": {\"fields\": [\"Menu item\"]}}]"
        }
    },
    {
        "model": "admin.logentry",
        "pk": 54,
        "fields": {
            "action_time": "2025-04-04T12:22:52.178Z",
            "user": 1,
            "content_type": 17,
            "object_id": "6",
            "object_repr": "Order Item: Order #4 - Banti [Accepted]",
            "action_flag": 2,
            "change_message": "[{\"changed\": {\"fields\": [\"Menu item\"]}}]"
        }
    },
    {
        "model": "admin.logentry",
        "pk": 55,
        "fields": {
            "action_time": "2025-04-04T12:22:57.227Z",
            "user": 1,
            "content_type": 17,
            "object_id": "4",
            "object_repr": "Order Item: Order #4 - Banti [Accepted]",
            "action_flag": 2,
            "change_message": "[]"
        }
    },
    {
        "model": "admin.logentry",
        "pk": 56,
        "fields": {
            "action_time": "2025-04-04T12:23:00.704Z",
            "user": 1,
            "content_type": 17,
            "object_id": "3",
            "object_repr": "Order Item: Order #4 - Banti [Accepted]",
            "action_flag": 2,
            "change_message": "[]"
        }
    },
    {
        "model": "auth.permission",
        "pk": 1,
        "fields": {
            "name": "Can add log entry",
            "content_type": 1,
            "codename": "add_logentry"
        }
    },
    {
        "model": "auth.permission",
        "pk": 2,
        "fields": {
            "name": "Can change log entry",
            "content_type": 1,
            "codename": "change_logentry"
        }
    },
    {
        "model": "auth.permission",
        "pk": 3,
        "fields": {
            "name": "Can delete log entry",
            "content_type": 1,
            "codename": "delete_logentry"
        }
    },
    {
        "model": "auth.permission",
        "pk": 4,
        "fields": {
            "name": "Can view log entry",
            "content_type": 1,
            "codename": "view_logentry"
        }
    },
    {
        "model": "auth.permission",
        "pk": 5,
        "fields": {
            "name": "Can add permission",
            "content_type": 2,
            "codename": "add_permission"
        }
    },
    {
        "model": "auth.permission",
        "pk": 6,
        "fields": {
            "name": "Can change permission",
            "content_type": 2,
            "codename": "change_permission"
        }
    },
    {
        "model": "auth.permission",
        "pk": 7,
        "fields": {
            "name": "Can delete permission",
            "content_type": 2,
            "codename": "delete_permission"
        }
    },
    {
        "model": "auth.permission",
        "pk": 8,
        "fields": {
            "name": "Can view permission",
            "content_type": 2,
            "codename": "view_permission"
        }
    },
    {
        "model": "auth.permission",
        "pk": 9,
        "fields": {
            "name": "Can add group",
            "content_type": 3,
            "codename": "add_group"
        }
    },
    {
        "model": "auth.permission",
        "pk": 10,
        "fields": {
            "name": "Can change group",
            "content_type": 3,
            "codename": "change_group"
        }
    },
    {
        "model": "auth.permission",
        "pk": 11,
        "fields": {
            "name": "Can delete group",
            "content_type": 3,
            "codename": "delete_group"
        }
    },
    {
        "model": "auth.permission",
        "pk": 12,
        "fields": {
            "name": "Can view group",
            "content_type": 3,
            "codename": "view_group"
        }
    },
    {
        "model": "auth.permission",
        "pk": 13,
        "fields": {
            "name": "Can add user",
            "content_type": 4,
            "codename": "add_user"
        }
    },
    {
        "model": "auth.permission",
        "pk": 14,
        "fields": {
            "name": "Can change user",
            "content_type": 4,
            "codename": "change_user"
        }
    },
    {
        "model": "auth.permission",
        "pk": 15,
        "fields": {
            "name": "Can delete user",
            "content_type": 4,
            "codename": "delete_user"
        }
    },
    {
        "model": "auth.permission",
        "pk": 16,
        "fields": {
            "name": "Can view user",
            "content_type": 4,
            "codename": "view_user"
        }
    },
    {
        "model": "auth.permission",
        "pk": 17,
        "fields": {
            "name": "Can add content type",
            "content_type": 5,
            "codename": "add_contenttype"
        }
    },
    {
        "model": "auth.permission",
        "pk": 18,
        "fields": {
            "name": "Can change content type",
            "content_type": 5,
            "codename": "change_contenttype"
        }
    },
    {
        "model": "auth.permission",
        "pk": 19,
        "fields": {
            "name": "Can delete content type",
            "content_type": 5,
            "codename": "delete_contenttype"
        }
    },
    {
        "model": "auth.permission",
        "pk": 20,
        "fields": {
            "name": "Can view content type",
            "content_type": 5,
            "codename": "view_contenttype"
        }
    },
    {
        "model": "auth.permission",
        "pk": 21,
        "fields": {
            "name": "Can add session",
            "content_type": 6,
            "codename": "add_session"
        }
    },
    {
        "model": "auth.permission",
        "pk": 22,
        "fields": {
            "name": "Can change session",
            "content_type": 6,
            "codename": "change_session"
        }
    },
    {
        "model": "auth.permission",
        "pk": 23,
        "fields": {
            "name": "Can delete session",
            "content_type": 6,
            "codename": "delete_session"
        }
    },
    {
        "model": "auth.permission",
        "pk": 24,
        "fields": {
            "name": "Can view session",
            "content_type": 6,
            "codename": "view_session"
        }
    },
    {
        "model": "auth.permission",
        "pk": 25,
        "fields": {
            "name": "Can add order",
            "content_type": 7,
            "codename": "add_order"
        }
    },
    {
        "model": "auth.permission",
        "pk": 26,
        "fields": {
            "name": "Can change order",
            "content_type": 7,
            "codename": "change_order"
        }
    },
    {
        "model": "auth.permission",
        "pk": 27,
        "fields": {
            "name": "Can delete order",
            "content_type": 7,
            "codename": "delete_order"
        }
    },
    {
        "model": "auth.permission",
        "pk": 28,
        "fields": {
            "name": "Can view order",
            "content_type": 7,
            "codename": "view_order"
        }
    },
    {
        "model": "auth.permission",
        "pk": 29,
        "fields": {
            "name": "Can add user",
            "content_type": 8,
            "codename": "add_user"
        }
    },
    {
        "model": "auth.permission",
        "pk": 30,
        "fields": {
            "name": "Can change user",
            "content_type": 8,
            "codename": "change_user"
        }
    },
    {
        "model": "auth.permission",
        "pk": 31,
        "fields": {
            "name": "Can delete user",
            "content_type": 8,
            "codename": "delete_user"
        }
    },
    {
        "model": "auth.permission",
        "pk": 32,
        "fields": {
            "name": "Can view user",
            "content_type": 8,
            "codename": "view_user"
        }
    },
    {
        "model": "auth.permission",
        "pk": 33,
        "fields": {
            "name": "Can add category",
            "content_type": 9,
            "codename": "add_category"
        }
    },
    {
        "model": "auth.permission",
        "pk": 34,
        "fields": {
            "name": "Can change category",
            "content_type": 9,
            "codename": "change_category"
        }
    },
    {
        "model": "auth.permission",
        "pk": 35,
        "fields": {
            "name": "Can delete category",
            "content_type": 9,
            "codename": "delete_category"
        }
    },
    {
        "model": "auth.permission",
        "pk": 36,
        "fields": {
            "name": "Can view category",
            "content_type": 9,
            "codename": "view_category"
        }
    },
    {
        "model": "auth.permission",
        "pk": 37,
        "fields": {
            "name": "Can add cart item",
            "content_type": 10,
            "codename": "add_cartitem"
        }
    },
    {
        "model": "auth.permission",
        "pk": 38,
        "fields": {
            "name": "Can change cart item",
            "content_type": 10,
            "codename": "change_cartitem"
        }
    },
    {
        "model": "auth.permission",
        "pk": 39,
        "fields": {
            "name": "Can delete cart item",
            "content_type": 10,
            "codename": "delete_cartitem"
        }
    },
    {
        "model": "auth.permission",
        "pk": 40,
        "fields": {
            "name": "Can view cart item",
            "content_type": 10,
            "codename": "view_cartitem"
        }
    },
    {
        "model": "auth.permission",
        "pk": 41,
        "fields": {
            "name": "Can add menu item",
            "content_type": 11,
            "codename": "add_menuitem"
        }
    },
    {
        "model": "auth.permission",
        "pk": 42,
        "fields": {
            "name": "Can change menu item",
            "content_type": 11,
            "codename": "change_menuitem"
        }
    },
    {
        "model": "auth.permission",
        "pk": 43,
        "fields": {
            "name": "Can delete menu item",
            "content_type": 11,
            "codename": "delete_menuitem"
        }
    },
    {
        "model": "auth.permission",
        "pk": 44,
        "fields": {
            "name": "Can view menu item",
            "content_type": 11,
            "codename": "view_menuitem"
        }
    },
    {
        "model": "auth.permission",
        "pk": 45,
        "fields": {
            "name": "Can add payment",
            "content_type": 12,
            "codename": "add_payment"
        }
    },
    {
        "model": "auth.permission",
        "pk": 46,
        "fields": {
            "name": "Can change payment",
            "content_type": 12,
            "codename": "change_payment"
        }
    },
    {
        "model": "auth.permission",
        "pk": 47,
        "fields": {
            "name": "Can delete payment",
            "content_type": 12,
            "codename": "delete_payment"
        }
    },
    {
        "model": "auth.permission",
        "pk": 48,
        "fields": {
            "name": "Can view payment",
            "content_type": 12,
            "codename": "view_payment"
        }
    },
    {
        "model": "auth.permission",
        "pk": 49,
        "fields": {
            "name": "Can add cart",
            "content_type": 13,
            "codename": "add_cart"
        }
    },
    {
        "model": "auth.permission",
        "pk": 50,
        "fields": {
            "name": "Can change cart",
            "content_type": 13,
            "codename": "change_cart"
        }
    },
    {
        "model": "auth.permission",
        "pk": 51,
        "fields": {
            "name": "Can delete cart",
            "content_type": 13,
            "codename": "delete_cart"
        }
    },
    {
        "model": "auth.permission",
        "pk": 52,
        "fields": {
            "name": "Can view cart",
            "content_type": 13,
            "codename": "view_cart"
        }
    },
    {
        "model": "auth.permission",
        "pk": 53,
        "fields": {
            "name": "Can add store",
            "content_type": 14,
            "codename": "add_store"
        }
    },
    {
        "model": "auth.permission",
        "pk": 54,
        "fields": {
            "name": "Can change store",
            "content_type": 14,
            "codename": "change_store"
        }
    },
    {
        "model": "auth.permission",
        "pk": 55,
        "fields": {
            "name": "Can delete store",
            "content_type": 14,
            "codename": "delete_store"
        }
    },
    {
        "model": "auth.permission",
        "pk": 56,
        "fields": {
            "name": "Can view store",
            "content_type": 14,
            "codename": "view_store"
        }
    },
    {
        "model": "auth.permission",
        "pk": 57,
        "fields": {
            "name": "Can add active cart",
            "content_type": 15,
            "codename": "add_activecart"
        }
    },
    {
        "model": "auth.permission",
        "pk": 58,
        "fields": {
            "name": "Can change active cart",
            "content_type": 15,
            "codename": "change_activecart"
        }
    },
    {
        "model": "auth.permission",
        "pk": 59,
        "fields": {
            "name": "Can delete active cart",
            "content_type": 15,
            "codename": "delete_activecart"
        }
    },
    {
        "model": "auth.permission",
        "pk": 60,
        "fields": {
            "name": "Can view active cart",
            "content_type": 15,
            "codename": "view_activecart"
        }
    },
    {
        "model": "auth.permission",
        "pk": 61,
        "fields": {
            "name": "Can add order history",
            "content_type": 16,
            "codename": "add_orderhistory"
        }
    },
    {
        "model": "auth.permission",
        "pk": 62,
        "fields": {
            "name": "Can change order history",
            "content_type": 16,
            "codename": "change_orderhistory"
        }
    },
    {
        "model": "auth.permission",
        "pk": 63,
        "fields": {
            "name": "Can delete order history",
            "content_type": 16,
            "codename": "delete_orderhistory"
        }
    },
    {
        "model": "auth.permission",
        "pk": 64,
        "fields": {
            "name": "Can view order history",
            "content_type": 16,
            "codename": "view_orderhistory"
        }
    },
    {
        "model": "auth.permission",
        "pk": 65,
        "fields": {
            "name": "Can add order item",
            "content_type": 17,
            "codename": "add_orderitem"
        }
    },
    {
        "model": "auth.permission",
        "pk": 66,
        "fields": {
            "name": "Can change order item",
            "content_type": 17,
            "codename": "change_orderitem"
        }
    },
    {
        "model": "auth.permission",
        "pk": 67,
        "fields": {
            "name": "Can delete order item",
            "content_type": 17,
            "codename": "delete_orderitem"
        }
    },
    {
        "model": "auth.permission",
        "pk": 68,
        "fields": {
            "name": "Can view order item",
            "content_type": 17,
            "codename": "view_orderitem"
        }
    },
    {
        "model": "auth.permission",
        "pk": 69,
        "fields": {
            "name": "Can add active order",
            "content_type": 18,
            "codename": "add_activeorder"
        }
    },
    {
        "model": "auth.permission",
        "pk": 70,
        "fields": {
            "name": "Can change active order",
            "content_type": 18,
            "codename": "change_activeorder"
        }
    },
    {
        "model": "auth.permission",
        "pk": 71,
        "fields": {
            "name": "Can delete active order",
            "content_type": 18,
            "codename": "delete_activeorder"
        }
    },
    {
        "model": "auth.permission",
        "pk": 72,
        "fields": {
            "name": "Can view active order",
            "content_type": 18,
            "codename": "view_activeorder"
        }
    },
    {
        "model": "auth.permission",
        "pk": 73,
        "fields": {
            "name": "Can add order item history",
            "content_type": 19,
            "codename": "add_orderitemhistory"
        }
    },
    {
        "model": "auth.permission",
        "pk": 74,
        "fields": {
            "name": "Can change order item history",
            "content_type": 19,
            "codename": "change_orderitemhistory"
        }
    },
    {
        "model": "auth.permission",
        "pk": 75,
        "fields": {
            "name": "Can delete order item history",
            "content_type": 19,
            "codename": "delete_orderitemhistory"
        }
    },
    {
        "model": "auth.permission",
        "pk": 76,
        "fields": {
            "name": "Can view order item history",
            "content_type": 19,
            "codename": "view_orderitemhistory"
        }
    },
    {
        "model": "auth.permission",
        "pk": 77,
        "fields": {
            "name": "Can add django job",
            "content_type": 20,
            "codename": "add_djangojob"
        }
    },
    {
        "model": "auth.permission",
        "pk": 78,
        "fields": {
            "name": "Can change django job",
            "content_type": 20,
            "codename": "change_djangojob"
        }
    },
    {
        "model": "auth.permission",
        "pk": 79,
        "fields": {
            "name": "Can delete django job",
            "content_type": 20,
            "codename": "delete_djangojob"
        }
    },
    {
        "model": "auth.permission",
        "pk": 80,
        "fields": {
            "name": "Can view django job",
            "content_type": 20,
            "codename": "view_djangojob"
        }
    },
    {
        "model": "auth.permission",
        "pk": 81,
        "fields": {
            "name": "Can add django job execution",
            "content_type": 21,
            "codename": "add_djangojobexecution"
        }
    },
    {
        "model": "auth.permission",
        "pk": 82,
        "fields": {
            "name": "Can change django job execution",
            "content_type": 21,
            "codename": "change_djangojobexecution"
        }
    },
    {
        "model": "auth.permission",
        "pk": 83,
        "fields": {
            "name": "Can delete django job execution",
            "content_type": 21,
            "codename": "delete_djangojobexecution"
        }
    },
    {
        "model": "auth.permission",
        "pk": 84,
        "fields": {
            "name": "Can view django job execution",
            "content_type": 21,
            "codename": "view_djangojobexecution"
        }
    },
    {
        "model": "contenttypes.contenttype",
        "pk": 1,
        "fields": {
            "app_label": "admin",
            "model": "logentry"
        }
    },
    {
        "model": "contenttypes.contenttype",
        "pk": 2,
        "fields": {
            "app_label": "auth",
            "model": "permission"
        }
    },
    {
        "model": "contenttypes.contenttype",
        "pk": 3,
        "fields": {
            "app_label": "auth",
            "model": "group"
        }
    },
    {
        "model": "contenttypes.contenttype",
        "pk": 4,
        "fields": {
            "app_label": "auth",
            "model": "user"
        }
    },
    {
        "model": "contenttypes.contenttype",
        "pk": 5,
        "fields": {
            "app_label": "contenttypes",
            "model": "contenttype"
        }
    },
    {
        "model": "contenttypes.contenttype",
        "pk": 6,
        "fields": {
            "app_label": "sessions",
            "model": "session"
        }
    },
    {
        "model": "contenttypes.contenttype",
        "pk": 7,
        "fields": {
            "app_label": "app",
            "model": "order"
        }
    },
    {
        "model": "contenttypes.contenttype",
        "pk": 8,
        "fields": {
            "app_label": "app",
            "model": "user"
        }
    },
    {
        "model": "contenttypes.contenttype",
        "pk": 9,
        "fields": {
            "app_label": "app",
            "model": "category"
        }
    },
    {
        "model": "contenttypes.contenttype",
        "pk": 10,
        "fields": {
            "app_label": "app",
            "model": "cartitem"
        }
    },
    {
        "model": "contenttypes.contenttype",
        "pk": 11,
        "fields": {
            "app_label": "app",
            "model": "menuitem"
        }
    },
    {
        "model": "contenttypes.contenttype",
        "pk": 12,
        "fields": {
            "app_label": "app",
            "model": "payment"
        }
    },
    {
        "model": "contenttypes.contenttype",
        "pk": 13,
        "fields": {
            "app_label": "app",
            "model": "cart"
        }
    },
    {
        "model": "contenttypes.contenttype",
        "pk": 14,
        "fields": {
            "app_label": "app",
            "model": "store"
        }
    },
    {
        "model": "contenttypes.contenttype",
        "pk": 15,
        "fields": {
            "app_label": "app",
            "model": "activecart"
        }
    },
    {
        "model": "contenttypes.contenttype",
        "pk": 16,
        "fields": {
            "app_label": "app",
            "model": "orderhistory"
        }
    },
    {
        "model": "contenttypes.contenttype",
        "pk": 17,
        "fields": {
            "app_label": "app",
            "model": "orderitem"
        }
    },
    {
        "model": "contenttypes.contenttype",
        "pk": 18,
        "fields": {
            "app_label": "app",
            "model": "activeorder"
        }
    },
    {
        "model": "contenttypes.contenttype",
        "pk": 19,
        "fields": {
            "app_label": "app",
            "model": "orderitemhistory"
        }
    },
    {
        "model": "contenttypes.contenttype",
        "pk": 20,
        "fields": {
            "app_label": "django_apscheduler",
            "model": "djangojob"
        }
    },
    {
        "model": "contenttypes.contenttype",
        "pk": 21,
        "fields": {
            "app_label": "django_apscheduler",
            "model": "djangojobexecution"
        }
    },
    {
        "model": "sessions.session",
        "pk": "1xacw3hm4uho9s31oolqn21u687rxpnl",
        "fields": {
            "session_data": "e30:1tuXCJ:Ifxnt-cMilscL5npdP25fKKlyXzz2puENs_16qDgZkI",
            "expire_date": "2025-03-19T13:41:35.157Z"
        }
    },
    {
        "model": "sessions.session",
        "pk": "d1vai9d8gawwlvd7njtcc6napw76rc5i",
        "fields": {
            "session_data": ".eJxVjMsOgjAUBf-la9P01raAS_d8Q3NfFdRAQmFl_HclYaHbMzPnZTJu65C3qksexVwMmNPvRsgPnXYgd5xus-V5WpeR7K7Yg1bbz6LP6-H-HQxYh2-tHlPnHURu0BFQQRZxMQIUdkFTA9S5NkRkVSYKZ-8TALSCJbRRg3l_AOzxOAw:1tzwbW:C2qDwi1QmydFVbVnwPqgiGYj61P6ycEjPykP_p0Lzms",
            "expire_date": "2025-04-03T11:49:58.392Z"
        }
    },
    {
        "model": "sessions.session",
        "pk": "ga9nzgrgtd0el1snka5lz489cf2nlzov",
        "fields": {
            "session_data": ".eJxVjMsOgjAUBf-la9P01raAS_d8Q3NfFdRAQmFl_HclYaHbMzPnZTJu65C3qksexVwMmNPvRsgPnXYgd5xus-V5WpeR7K7Yg1bbz6LP6-H-HQxYh2-tHlPnHURu0BFQQRZxMQIUdkFTA9S5NkRkVSYKZ-8TALSCJbRRg3l_AOzxOAw:1tvgpG:aiBjROGbDyBsx5KqfGndYjPp2Sb26loFyUDgzUjPIgw",
            "expire_date": "2025-03-22T18:10:34.481Z"
        }
    },
    {
        "model": "sessions.session",
        "pk": "gc9xjkfb0sqdj4j7c84lf922yekn5ea5",
        "fields": {
            "session_data": ".eJxVjMsOgjAUBf-la9P01raAS_d8Q3NfFdRAQmFl_HclYaHbMzPnZTJu65C3qksexVwMmNPvRsgPnXYgd5xus-V5WpeR7K7Yg1bbz6LP6-H-HQxYh2-tHlPnHURu0BFQQRZxMQIUdkFTA9S5NkRkVSYKZ-8TALSCJbRRg3l_AOzxOAw:1twhD8:5YJ1qUYVYN7khicCNYvCgQuQAD8al3vUwEOCTOQ40Qg",
            "expire_date": "2025-03-25T12:47:22.437Z"
        }
    },
    {
        "model": "sessions.session",
        "pk": "mdqiyf4ophcq94h712cp698moypalp46",
        "fields": {
            "session_data": ".eJxVjMsOgjAUBf-la9P01raAS_d8Q3NfFdRAQmFl_HclYaHbMzPnZTJu65C3qksexVwMmNPvRsgPnXYgd5xus-V5WpeR7K7Yg1bbz6LP6-H-HQxYh2-tHlPnHURu0BFQQRZxMQIUdkFTA9S5NkRkVSYKZ-8TALSCJbRRg3l_AOzxOAw:1u11F7:p2n1To2qwdHqw3ABP7pnkeu2qpA42-poBCJixUPxRfw",
            "expire_date": "2025-04-06T10:59:17.619Z"
        }
    },
    {
        "model": "sessions.session",
        "pk": "skd3ygwolxmxv7tfd43y6sbwa8vbzaq2",
        "fields": {
            "session_data": ".eJxVjMsOgjAUBf-la9P01raAS_d8Q3NfFdRAQmFl_HclYaHbMzPnZTJu65C3qksexVwMmNPvRsgPnXYgd5xus-V5WpeR7K7Yg1bbz6LP6-H-HQxYh2-tHlPnHURu0BFQQRZxMQIUdkFTA9S5NkRkVSYKZ-8TALSCJbRRg3l_AOzxOAw:1txRH7:iuJ5HVTJwAyCkP4zUoef94lAuCtvYr221auW2APVQ88",
            "expire_date": "2025-03-27T13:58:33.571Z"
        }
    },
    {
        "model": "app.store",
        "pk": 1,
        "fields": {
            "is_open": true
        }
    },
    {
        "model": "app.user",
        "pk": 1,
        "fields": {
            "last_login": "2025-04-03T17:04:09.251Z",
            "is_superuser": true,
            "is_staff": true,
            "is_active": true,
            "date_joined": "2025-03-18T10:50:52.645Z",
            "role": "super_admin",
            "name": "Sanchit",
            "hostel": 1,
            "phone_number": "9075817451",
            "password": "pbkdf2_sha256$870000$drON8GO2aCgXcd1OelHh1C$oo3kNv3TwBlcopghcqIaJ5n7tlLvt66pM461nVfwW3U=",
            "groups": [],
            "user_permissions": []
        }
    },
    {
        "model": "app.user",
        "pk": 2,
        "fields": {
            "last_login": null,
            "is_superuser": false,
            "is_staff": false,
            "is_active": true,
            "date_joined": "2025-03-18T10:50:52Z",
            "role": "canteen_manager",
            "name": "Aditya",
            "hostel": 2,
            "phone_number": "00",
            "password": "pbkdf2_sha256$870000$mgUWJjxgzGBiMmAiOPDHpi$DswwnOS3/3He2A6u9wSfI7No8unQqrSwwfePRdDNxVo=",
            "groups": [],
            "user_permissions": []
        }
    },
    {
        "model": "app.user",
        "pk": 3,
        "fields": {
            "last_login": null,
            "is_superuser": false,
            "is_staff": false,
            "is_active": true,
            "date_joined": "2025-03-18T10:50:52.645Z",
            "role": "user",
            "name": "Asim",
            "hostel": 3,
            "phone_number": "986549855",
            "password": "pbkdf2_sha256$870000$xlHAYfkLnBYEIGdrMsPZQt$kMiGnu+zaLK0Uf7Yg1tnv0q3bowVDBLNZ8wabTi8edg=",
            "groups": [],
            "user_permissions": []
        }
    },
    {
        "model": "app.user",
        "pk": 6,
        "fields": {
            "last_login": null,
            "is_superuser": false,
            "is_staff": false,
            "is_active": true,
            "date_joined": "2025-03-18T10:50:52.645Z",
            "role": "user",
            "name": "Kashif",
            "hostel": 17,
            "phone_number": "9632587401",
            "password": "pbkdf2_sha256$870000$uJPb1UH2gQaUGGy2xDjYGR$Pd6UibCcOqR6mnNO3a5ieFME4REDWxPnoWthsjTyHAY=",
            "groups": [],
            "user_permissions": []
        }
    },
    {
        "model": "app.user",
        "pk": 7,
        "fields": {
            "last_login": null,
            "is_superuser": false,
            "is_staff": false,
            "is_active": true,
            "date_joined": "2025-03-18T10:50:52.645Z",
            "role": "user",
            "name": "Ram",
            "hostel": 1,
            "phone_number": "8745632109",
            "password": "pbkdf2_sha256$870000$s3Rcg1dCdLErccIxmX5BMH$IDuuayRzT2qinG1NvKYazJNbIkRg5dF8W+/IFFv0cw0=",
            "groups": [],
            "user_permissions": []
        }
    },
    {
        "model": "app.user",
        "pk": 8,
        "fields": {
            "last_login": null,
            "is_superuser": false,
            "is_staff": false,
            "is_active": true,
            "date_joined": "2025-03-18T10:50:52.645Z",
            "role": "user",
            "name": "Shyam",
            "hostel": 12,
            "phone_number": "7894562581",
            "password": "pbkdf2_sha256$870000$GUX9i1f5J2LaAl4CYxNYee$FsmdoB2y/stFmcxO8IxNQAX+UErwTtyhqmRUhY8bTa8=",
            "groups": [],
            "user_permissions": []
        }
    },
    {
        "model": "app.user",
        "pk": 9,
        "fields": {
            "last_login": null,
            "is_superuser": false,
            "is_staff": false,
            "is_active": true,
            "date_joined": "2025-03-18T10:50:52.645Z",
            "role": "user",
            "name": "Mayur",
            "hostel": 13,
            "phone_number": "7777777777",
            "password": "pbkdf2_sha256$870000$Oxf7t4gHxrHUdO7ysSgUF5$kwrwP6uWlAb4bCRmKSwI031mZ9hbsxxvv4IAlKyA/D0=",
            "groups": [],
            "user_permissions": []
        }
    },
    {
        "model": "app.user",
        "pk": 11,
        "fields": {
            "last_login": null,
            "is_superuser": false,
            "is_staff": false,
            "is_active": true,
            "date_joined": "2025-03-19T14:34:06.432Z",
            "role": "user",
            "name": "Chintu",
            "hostel": 1,
            "phone_number": "11",
            "password": "pbkdf2_sha256$870000$vmcwGsaTLobpqv4p2yY3h1$ZDGCu7lPiPuWQeXcIt+JmFZS/Dm1toLSD57e/HbEwvg=",
            "groups": [],
            "user_permissions": []
        }
    },
    {
        "model": "app.user",
        "pk": 12,
        "fields": {
            "last_login": null,
            "is_superuser": false,
            "is_staff": false,
            "is_active": true,
            "date_joined": "2025-03-22T06:28:19.113Z",
            "role": "user",
            "name": "Banti",
            "hostel": 1,
            "phone_number": "22",
            "password": "pbkdf2_sha256$870000$2pw3A7AwdECkbhJXvu09Ju$KBTkSpBSmv//BIHkPPSJCGUgfJhqA4GSk75EoXlscLM=",
            "groups": [],
            "user_permissions": []
        }
    },
    {
        "model": "app.category",
        "pk": 2,
        "fields": {
            "category_name": "Sandwich"
        }
    },
    {
        "model": "app.category",
        "pk": 4,
        "fields": {
            "category_name": "Cold Drinks"
        }
    },
    {
        "model": "app.category",
        "pk": 5,
        "fields": {
            "category_name": "Chaat"
        }
    },
    {
        "model": "app.category",
        "pk": 6,
        "fields": {
            "category_name": "Shawarma"
        }
    },
    {
        "model": "app.category",
        "pk": 7,
        "fields": {
            "category_name": "Non-Veg Gravy"
        }
    },
    {
        "model": "app.category",
        "pk": 8,
        "fields": {
            "category_name": "Veg Gravy"
        }
    },
    {
        "model": "app.category",
        "pk": 9,
        "fields": {
            "category_name": "Biryani"
        }
    },
    {
        "model": "app.category",
        "pk": 10,
        "fields": {
            "category_name": "Paratha"
        }
    },
    {
        "model": "app.category",
        "pk": 11,
        "fields": {
            "category_name": "Roti"
        }
    },
    {
        "model": "app.category",
        "pk": 13,
        "fields": {
            "category_name": "Frankie"
        }
    },
    {
        "model": "app.category",
        "pk": 14,
        "fields": {
            "category_name": "Smoothy"
        }
    },
    {
        "model": "app.menuitem",
        "pk": 4,
        "fields": {
            "category": 13,
            "item_name": "Paneer Tagda Frankie",
            "price": 45,
            "available": true,
            "image": ""
        }
    },
    {
        "model": "app.menuitem",
        "pk": 6,
        "fields": {
            "category": 4,
            "item_name": "Sprite",
            "price": 20,
            "available": true,
            "image": ""
        }
    },
    {
        "model": "app.menuitem",
        "pk": 7,
        "fields": {
            "category": 5,
            "item_name": "Lays Chaat",
            "price": 30,
            "available": true,
            "image": ""
        }
    },
    {
        "model": "app.menuitem",
        "pk": 8,
        "fields": {
            "category": 10,
            "item_name": "Aloo Paratha",
            "price": 18,
            "available": true,
            "image": ""
        }
    },
    {
        "model": "app.cartitem",
        "pk": 11,
        "fields": {
            "user": 2,
            "menu_item": 8,
            "quantity": 2
        }
    },
    {
        "model": "app.cartitem",
        "pk": 18,
        "fields": {
            "user": 2,
            "menu_item": 7,
            "quantity": 1
        }
    },
    {
        "model": "app.cartitem",
        "pk": 19,
        "fields": {
            "user": 2,
            "menu_item": 4,
            "quantity": 1
        }
    },
    {
        "model": "app.cartitem",
        "pk": 27,
        "fields": {
            "user": 12,
            "menu_item": 7,
            "quantity": 4
        }
    },
    {
        "model": "app.cartitem",
        "pk": 29,
        "fields": {
            "user": 12,
            "menu_item": 8,
            "quantity": 2
        }
    },
    {
        "model": "app.cartitem",
        "pk": 30,
        "fields": {
            "user": 2,
            "menu_item": 6,
            "quantity": 1
        }
    },
    {
        "model": "app.activeorder",
        "pk": 1,
        "fields": {
            "ordered_by": 2,
            "status": "Pending",
            "total_price": 100,
            "order_time": "2025-03-24T08:25:40.604Z"
        }
    },
    {
        "model": "app.activeorder",
        "pk": 2,
        "fields": {
            "ordered_by": 1,
            "status": "Pending",
            "total_price": 405,
            "order_time": "2025-03-24T16:15:32.447Z"
        }
    },
    {
        "model": "app.activeorder",
        "pk": 3,
        "fields": {
            "ordered_by": 8,
            "status": "Cancelled",
            "total_price": 100,
            "order_time": "2025-03-26T13:45:39.379Z"
        }
    },
    {
        "model": "app.activeorder",
        "pk": 4,
        "fields": {
            "ordered_by": 12,
            "status": "Accepted",
            "total_price": 20,
            "order_time": "2025-03-26T13:45:53.393Z"
        }
    },
    {
        "model": "app.activeorder",
        "pk": 5,
        "fields": {
            "ordered_by": 6,
            "status": "Accepted",
            "total_price": 50,
            "order_time": "2025-03-26T13:46:04.359Z"
        }
    },
    {
        "model": "app.activeorder",
        "pk": 6,
        "fields": {
            "ordered_by": 9,
            "status": "Delivered",
            "total_price": 90,
            "order_time": "2025-03-26T13:46:16.641Z"
        }
    },
    {
        "model": "app.orderitem",
        "pk": 1,
        "fields": {
            "order": 2,
            "menu_item": null,
            "quantity": 3
        }
    },
    {
        "model": "app.orderitem",
        "pk": 2,
        "fields": {
            "order": 2,
            "menu_item": 4,
            "quantity": 5
        }
    },
    {
        "model": "app.orderitem",
        "pk": 3,
        "fields": {
            "order": 4,
            "menu_item": 4,
            "quantity": 2
        }
    },
    {
        "model": "app.orderitem",
        "pk": 4,
        "fields": {
            "order": 4,
            "menu_item": 7,
            "quantity": 3
        }
    },
    {
        "model": "app.orderitem",
        "pk": 5,
        "fields": {
            "order": 4,
            "menu_item": 6,
            "quantity": 5
        }
    },
    {
        "model": "app.orderitem",
        "pk": 6,
        "fields": {
            "order": 4,
            "menu_item": 6,
            "quantity": 2
        }
    },
    {
        "model": "app.payment",
        "pk": 1,
        "fields": {
            "order": 4,
            "status": "Completed",
            "payment_time": "2025-03-26T19:21:44.003Z",
            "transaction_id": "827353"
        }
    },
    {
        "model": "app.payment",
        "pk": 2,
        "fields": {
            "order": 6,
            "status": "Pending",
            "payment_time": "2025-03-26T19:22:03.969Z",
            "transaction_id": "735875285"
        }
    },
    {
        "model": "app.payment",
        "pk": 3,
        "fields": {
            "order": 5,
            "status": "Pending",
            "payment_time": "2025-03-26T19:22:26.486Z",
            "transaction_id": "6876946"
        }
    }
]